id,created_utc,title,selftext,score,upvote_ratio,gilded,over_18,num_comments,author,silver,gold,platinum
'b382m8', 1553059464.0, 'Palm oil is quite a handy thing to have around the house', '', 1, '', 0, False, 0, 'a5dfa5h', 0, 0, 0
'b37xc5', 1553058410.0, 'Why do seagulls fly over the sea?', 'Because if they flew over the bay, they would be bagels', 5, '', 0, False, 2, 'Omnidoof', 0, 0, 0
'b37uei', 1553057836.0, 'I‚Äôm dropping off my math class', 'I‚Äôm not paying for the professor to give me problems to solve. ', 1, '', 0, False, 0, 'SkyGuardian205', 0, 0, 0
'b37sr4', 1553057509.0, "There's a new category of art where people paint babies who died in childbirth.", 'Still life. ', 1, '', 0, False, 1, 'JoeFas', 0, 0, 0
'b37r1w', 1553057187.0, 'Why do laptops weigh more in the UK compared to the US?', '', 1, '', 0, False, 0, 'Dreizo', 0, 0, 0
'b37p9q', 1553056850.0, 'What happens when you get a bladder infection?', 'Urine trouble', 5, '', 0, False, 2, 'music_snobbbb', 0, 0, 0
'b37ork', 1553056755.0, 'What did grape say to the blueberry?', 'You better breathe before you die !', 1, '', 0, False, 0, 'music_snobbbb', 0, 0, 0
'b37o5i', 1553056640.0, 'A blind man walks into a bar...', 'And a table..\n\n&#x200B;\n\nAnd a chair...\n\n&#x200B;\n\nAnd a subreddit', 4, '', 0, False, 1, 'music_snobbbb', 0, 0, 0
'b37i90', 1553055490.0, 'I dont usually tell dad jokes, but when i do......', 'He laughs ', 10, '', 0, False, 0, 'jamstagram', 0, 0, 0
'b37eui', 1553054845.0, 'Today I mixed Holy water and prune juice together to make a new drink.', 'It gave me a religious movement.', 4, '', 0, False, 1, 'goodlyearth', 0, 0, 0
'b37aan', 1553054024.0, 'What do you call a transgender vampire?', 'Drag-ula ', 2, '', 0, False, 4, 'KingOfCurly', 0, 0, 0
'b377ra', 1553053565.0, 'My friend thinks it‚Äôs easier to deal with fractions than with decimals.', 'I said, ‚ÄúYou‚Äôre missing the point.‚Äù', 10, '', 0, False, 0, 'porichoygupto', 0, 0, 0
'b373ta', 1553052858.0, 'Why do ducks have feathers?', 'To cover their butt quacks ', 16, '', 0, False, 2, 'Fill-Chapo', 0, 0, 0
'b370aa', 1553052255.0, 'I was a jealous boyfriend', 'This happened about 3 years ago.\n\nMy girlfriend and I were at Whole Foods picking up a list of items for our dinner night. I took the list from her to see what else we needed. When I saw ‚Äúfungi‚Äù, I asked her, ‚ÄúFungi? You mean mushrooms?‚Äù \n‚ÄúNo we need fungi, oh wait, i have Chinese fungi at my place!‚Äù\nI looked at her sadly and said, ‚ÄúI don‚Äôt like it that you have Chinese fungi at your place...‚Äù\nShe looks confused and shocked then asks ‚Äúwhy?!‚Äù\nI tell her, ‚Äúwell how would YOU like it if I had a Chinese fun girl at my place?‚Äù\n\nShe bursted out laughing and hit me hard. \n\nAnd this is also how I knew she was going to be my wife and mother of my child. :)', 3, '', 0, False, 0, 'poker_saiyan', 0, 0, 0
'b36urz', 1553051317.0, 'Did you hear about the IKEA support group?', 'They help you pick up the pieces, but you have to put yourself together again at home.', 3, '', 0, False, 0, 'Anthonybrose', 0, 0, 0
'b36qmd', 1553050618.0, 'Did you hear about the little native American boy who drank a gallon of sweet tea before bed?', 'They found him the next morning, drowned in his own teepee.', 3, '', 0, False, 0, 'I_Snype_4_Fun', 0, 0, 0
'b36jdd', 1553049413.0, '"Shit just went down in the basement."', '"What do you mean, Dad? You were just up on the second floor."\n\n"Oh, I took a dump."', 1, '', 0, True, 0, 'Melephs_Hat', 0, 0, 0
'b36h1x', 1553049035.0, 'A funny pickup line.', "I think I'm a snowflake. \nBecause I've fallen for you.", 6, '', 0, False, 2, 'easytentliving', 0, 0, 0
'b36gpz', 1553048979.0, 'I tried to bribe a bunch of crows with some French fries', 'It was a tempted murder. ', 11, '', 0, False, 0, 'badger_danger', 0, 0, 0
'b36brr', 1553048131.0, 'My son asked me what an updog was.', 'I told him it was an older version of a henway.\n\n‚ÄúWhat‚Äôs a henway?‚Äù My son asked.\n\n‚ÄúAbout 5 pounds‚Äù I replied. ', 344, '', 0, False, 12, 'nakedurlrobot', 0, 0, 0
'b364y7', 1553047004.0, "What is a cow's favorite planet?", "The mooooon. \n\n(Yes, I know the moon isn't a planet; just go with it for the joke.) ‚ò∫üòäüòÄ", 3, '', 0, False, 2, 'tmphaedrus13', 0, 0, 0
'b363be', 1553046726.0, 'My Reddit account has been hacked. If anyone gets a message from me about meat', 'Just ignore it, it‚Äôs spam.', 114, '', 0, False, 6, 'tomocusack', 0, 0, 0
'b362z8', 1553046672.0, 'Son: Mom, Dad, I‚Äôve decided to live on my own from now on.', 'Dad: That‚Äôs great!\n\nSon:.... So, when can you guys move out?', 4, '', 0, False, 1, 'porichoygupto', 0, 0, 0
'b35xmz', 1553045793.0, 'How do you cut the ocean in half?', 'With a sea saw', 29, '', 0, False, 3, 'lifelonglifter', 0, 0, 0
'b35vh4', 1553045452.0, 'If you like sweet things you are a sweet tooth. If you like wireless things what are you?', 'A bluetooth.', 11, '', 0, False, 1, 'Pun-isher42', 0, 0, 0
'b35t71', 1553045075.0, 'A furniture store keeps calling me.', 'All I wanted was one night stand.', 11, '', 0, False, 0, 'Anthonybrose', 0, 0, 0
'b35msg', 1553044010.0, 'What my son would say when playing them games', 'Dad it‚Äôs impausable ', 5, '', 0, False, 0, 'OutrageousMatter', 0, 0, 0
'b35jp8', 1553043519.0, 'To the man in the wheelchair that stole my camouflage jacket.', "You can hide but you can't run.", 15, '', 0, False, 2, 'Anthonybrose', 0, 0, 0
'b35ith', 1553043373.0, 'If cats and dogs watch tv. Do they press paws in the remote?', '', 2, '', 0, False, 0, 'lucidus_somniorum', 0, 0, 0
'b34wkh', 1553039871.0, "Hey kids, when's a door not a door?", "When it's ajar. ", 3, '', 0, False, 0, 'hyk000', 0, 0, 0
'b34ubi', 1553039530.0, 'I saw a dog at a construction site..', '.. was the roofer', 10, '', 0, False, 0, 'rjchawk', 0, 0, 0
'b34sqr', 1553039295.0, 'Whoever coined the phrase "dad-bod" missed a golden opportunity...', '', 0, '', 0, False, 0, 'K27asdf', 0, 0, 0
'b34qbh', 1553038950.0, 'People are making apocalypse jokes', "like there's no tomorrow.", 8, '', 0, False, 0, 'Paladium9999', 0, 0, 0
'b34jff', 1553037921.0, 'Why was the little ink spot blue?', "Because his dad was in the pen and he didn't know how long the sentence would be.", 4, '', 0, False, 1, 'TonyTestosteroni', 0, 0, 0
'b34iwu', 1553037834.0, 'Baby robot says to his dad ‚ÄúI have to go potty.‚Äù', 'Daddy robot says ‚Äúnumber 1 or number 10?‚Äù', 6, '', 0, False, 1, 'RealSilicaGel', 0, 0, 0
'b34dtc', 1553037075.0, 'Did you hear about the hit and run in Nepal?', 'They found Himalayan in the street!', 137, '', 0, False, 2, 'ObiWan1123', 0, 0, 0
'b344me', 1553035732.0, 'My wife asked me if we should have wings for dinner?', "I said, I don't know. You want to wing it?", 6, '', 0, False, 4, 'weggy2015', 0, 0, 0
'b341v2', 1553035351.0, 'I saw the zookeeper bothering a grizzly at our local zoo. So I asked him to stop.', 'He said, ‚ÄúSorry. It‚Äôs my bear to cross.‚Äù', 3, '', 0, False, 1, 'porichoygupto', 0, 0, 0
'b340i5', 1553035161.0, 'You know those really old planes?', "I forget what they're called, but one just flew away from me.\n\nBye plane.", 3, '', 0, False, 0, 'Sirawesomepants', 0, 0, 0
'b3409f', 1553035127.0, 'I used to work at a soda can crushing company', 'It was soda depressing ', 2, '', 0, False, 0, 'Bean_Bandit666', 0, 0, 0
'b33z3e', 1553034956.0, "How can you tell the difference between a crocodile and an alligator? You pay attention to if they'll see you later or in a while.", '', 1, '', 0, False, 0, 'itsafething', 0, 0, 0
'b33y81', 1553034834.0, 'These days, as a doctor, I have very little patience', 'I decided to specialize in dwarfism', 2, '', 0, False, 0, 'rmlrmlchess', 0, 0, 0
'b33vri', 1553034494.0, 'What do pigs put on their rashes?', 'Oink-ment ', 2, '', 0, False, 0, 'royalnelson', 0, 0, 0
'b33qeg', 1553033764.0, 'Who built the round table for the Knights of the Round Table?', 'Sir Cumference', 8, '', 0, False, 2, 'conundrumbombs', 0, 0, 0
'b33pwl', 1553033692.0, 'It takes balls to have a circumcision', '', 5, '', 0, False, 7, 'Dolor455', 0, 0, 0
'b33p6v', 1553033589.0, 'I applaud sperm donors', 'It takes balls to do what they do', 5, '', 0, False, 1, 'FroYo10101', 0, 0, 0
'b33f7c', 1553032227.0, 'Once I Left My AirPods At Home For So long', 'ThatcThey Ended Up Becoming Earbuds', 1, '', 0, False, 0, 'Luke_NDL', 0, 0, 0
'b337n3', 1553031177.0, 'Last night, me and my friend watched 3 DVDs back to back. Luckily, I was the one facing the tv.', '', 46, '', 0, False, 1, 'christmasbush', 0, 0, 0
'b336fw', 1553031016.0, "What do you call a promiscuous women's breakfast?", 'Food for thot', 2, '', 0, False, 0, 'bobotheclown23', 0, 0, 0
'b335js', 1553030891.0, 'Found this on r/jokes and thought this sub was fitting', '', 0, '', 0, False, 0, 'dingamabob', 0, 0, 0
'b331ms', 1553030349.0, "I met a girl the other night who said she'd show me a good time.....", 'Took me to the park and ran 100m in 6.5 seconds!', 3, '', 0, False, 0, 'ElderHallow', 0, 0, 0
'b331ck', 1553030309.0, 'What do you call a rude cow?', 'Beef jerky', 4, '', 0, False, 3, '42jax', 0, 0, 0
'b32qvp', 1553028881.0, 'For when your foot is in your mouth...', 'http://imgur.com/9YQh6hK', 1, '', 0, False, 0, 'Kendallkip', 0, 0, 0
'b32omc', 1553028562.0, 'Did you hear about the mosquito who became a comedian?', "He's malarious", 12, '', 0, False, 2, 'tampapunk', 0, 0, 0
'b32hzm', 1553027641.0, 'Why do fish do bad in school?', 'They are bellow the C level.', 25, '', 0, False, 4, 'ATalkingLime', 0, 0, 0
'b32fb5', 1553027265.0, '[NSFW] Why are gametes so popular?', 'Because sex cells', 3, '', 0, True, 1, 'LeprekonKilla', 0, 0, 0
'b32ej5', 1553027158.0, 'We had a guy at our wedding who would crack jokes as he sat people.', 'We called him ‚Äúthe Pun-usher.‚Äù', 2, '', 0, False, 0, 'Atsur', 0, 0, 0
'b32bmw', 1553026757.0, 'Estrogen is for pussies...', '', 0, '', 0, False, 0, 'xevetv', 0, 0, 0
'b32b4p', 1553026683.0, 'How does a ghost do to get ready to haunt somewhere?', 'Draw up some booprints. ', 3, '', 0, False, 0, 'onthedown_lough', 0, 0, 0
'b32ayy', 1553026660.0, 'A swordsman was late to his training session...', 'Upon arrival he said, "*Cut* me some slack man!"', 5, '', 0, False, 0, 'xevetv', 0, 0, 0
'b328g5', 1553026310.0, "If you're afraid of pedophiles...", '... Grow up', 4, '', 0, False, 3, '-The0Project-', 0, 0, 0
'b326yv', 1553026105.0, 'Did you hear about the guy who lost the entire left side of his body in an accident? Don‚Äôt worry, he‚Äôs all right now.', '', 5, '', 0, False, 0, 'Goodoboy30', 0, 0, 0
'b326oy', 1553026072.0, 'A grape dropped to the floor', 'it was the grape escape', 1, '', 0, False, 2, 'orthodoxrebel', 0, 0, 0
'b326e6', 1553026033.0, 'I knew a prostitute once who used to work at Ikea...', 'She really knew how to sell a one night stand.', 1, '', 0, True, 1, 'IfYouReadThisUrFine', 0, 0, 0
'b322yd', 1553025563.0, 'I had Mountain Dew and Doritos', 'I call that combination Dew-ritos ', 0, '', 0, False, 0, 'CarleCJ253', 0, 0, 0
'b320i5', 1553025238.0, 'I read a story where the bad guy was trying to get rifles banned.', 'He was the anti-gunist.', 4, '', 0, False, 1, 'Aladdinsdoppelganger', 0, 0, 0
'b31pha', 1553023775.0, 'What language do they speak at the center of the earth?', 'Core-ean ', 5, '', 0, False, 2, 'aw10365', 0, 0, 0
'b31j8s', 1553022932.0, 'It takes balls to be a semen donor', '', 9, '', 0, False, 1, 'SalamChetori', 0, 0, 0
'b31ih5', 1553022829.0, 'If you see a robbery at an apple store...', 'Does it make you an iWitness? ', 4, '', 0, False, 0, 'AwesomeW2017', 0, 0, 0
'b31gbz', 1553022542.0, 'Which cellist has had ups and downs in his career?', '', 2, '', 0, False, 4, 'pomegranate2012', 0, 0, 0
'b31bpb', 1553021914.0, 'One time I swallowed a dictionary', 'It gave me thesaurus throat ever', 8, '', 0, False, 3, 'chicken-littler', 0, 0, 0
'b317w6', 1553021382.0, "What's the sneakiest fish in the sea?", 'A shhhark.', 3, '', 0, False, 0, 'ManufacturedAcumen', 0, 0, 0
'b315ye', 1553021104.0, 'The secret service isn‚Äôt allowed to yell ‚ÄúGet down!‚Äù anymore when the president is about to be attacked.', 'Now they have to yell, ‚ÄúDonald, duck!‚Äù', 68, '', 0, False, 5, 'Allalovesmemes', 0, 0, 0
'b3155l', 1553020984.0, 'If I had a nose full of nickels...', 'I would sneeze them all achoo...', 0, '', 0, False, 0, 'sschardi', 0, 0, 0
'b31442', 1553020836.0, 'Why is Tommy Wiseau a good teacher?', 'Because all of his students get Hi Marks.', 2, '', 0, False, 1, 'StalinsPerfectHair', 0, 0, 0
'b30zfg', 1553020168.0, 'My son always has his face buried in the same book', 'I think its called Facebook ', 2, '', 0, False, 0, 'AgitatedUpstairs', 0, 0, 0
'b30ts7', 1553019372.0, 'I gave my seat to a blind person today', 'I lost my job as a bus driver.', 15, '', 0, False, 3, 'BrokenKingDav10', 0, 0, 0
'b30s39', 1553019130.0, 'I love being a helicopter parent.', 'I get to show my daughter things she would have never seen from the ground.', 7, '', 0, False, 0, 'Anthonybrose', 0, 0, 0
'b30pg0', 1553018778.0, 'What did the skeptical man say after going to the chiropractor?', '"I stand corrected!"', 4, '', 0, False, 0, 'newkyd', 0, 0, 0
'b30k3g', 1553018059.0, 'I went to a factory that put stuff into different jars', 'It was a very jarring experience', 1, '', 0, False, 1, 'nonuntitled', 0, 0, 0
'b30iie', 1553017855.0, 'A family of moles was enjoying a nice Sunday morning...', '...when father mole looks over lovingly to mother mole and says, "In appreciation of all you do, we are going to brunch today!"\n\nMother mole and baby mole excitedly get ready and put on their Sunday best.\n\nWhen they are ready to leave, mother mole climbs up the tunnel first, and exclaims, "O my, I can smell pancakes and syrup!"  Baby mole comes up next and says, "I can smell eggs and bacon!"\n\nFather mole follows behind and says, "Funny, all I can smell is molasses!"\n', 3, '', 0, False, 1, 'trivialpursuits', 0, 0, 0
'b30hoc', 1553017741.0, 'Who is the Patron Saint of copying people into emails?', 'St. Francis of a CC', 7, '', 0, False, 1, 'JDGeek', 0, 0, 0
'b30ac8', 1553016743.0, 'My first organic dad joke', 'My wife texted me saying "we\'ve been nuts all day", as in busy. I asked her "what kind?" And then proceeded to rattle off her co-workers names paired with nuts of the same letter, eg: Cashew Crissy, Pistachio Patty.\n\nThen I laughed like an idiot for 5 minutes.', 6, '', 0, False, 0, 'NiceIsis', 0, 0, 0
'b3068m', 1553016182.0, 'This morning, the doctor told me I was colorblind.', 'It came completely out of the orange.', 4, '', 0, False, 2, 'hamburgerstake', 0, 0, 0
'b303tp', 1553015844.0, '[NSFW] My friend always gives in when his wife wants to do BDSM.', '*Wh-chh!*', 0, '', 0, True, 1, 'FlimFlamAndFlamJam', 0, 0, 0
'b2zyno', 1553015144.0, 'I asked my Italian grandfather if the rougher parts of Italy were called the spaghetto.', 'His look was pasty. ', 13, '', 0, False, 0, 'TommZ5', 0, 0, 0
'b2zt9a', 1553014436.0, 'Why do cows have bells?', "Because their horns don't work.", 10, '', 0, False, 2, 'thatindiandood', 0, 0, 0
'b2zqpu', 1553014080.0, "What does Sauron do when his tower isn't accessible enough?", 'He adds more doors', 6, '', 0, False, 2, 'MrPhteven0', 0, 0, 0
'b2zq66', 1553014006.0, 'I was designing a belt made of watches but I gave up on it', 'It was a Waist of Time', 11, '', 0, False, 0, 'One-Comma-Club', 0, 0, 0
'b2zmpq', 1553013531.0, 'I should create a earth sized diaper', 'So i could change the world', 0, '', 0, False, 0, 'manofmanylores', 0, 0, 0
'b2zl58', 1553013310.0, "I'm unreasonably proud of this interaction", 'https://i.imgur.com/7GJQhCT.png', 4, '', 0, False, 0, 'nezroy', 0, 0, 0
'b2zj7v', 1553013042.0, 'Why is your nose in the middle of your face? Because it‚Äôs the scenter.', '', 20, '', 0, False, 0, 'tommarshall22', 0, 0, 0
'b2z2ny', 1553010805.0, 'Did you hear about the Mexican magician?', 'He said ‚Äúfor my next trick, I will disappear on the count of three. Uno, dos -‚Äù but then he vanished without a\xa0tres.', 169, '', 0, False, 10, 'Saccadin', 0, 0, 0
'b2z26h', 1553010727.0, 'Truck drivers go the extra mile', 'when they miss the last exit. ', 4, '', 0, False, 0, 'nwatrekker', 0, 0, 0
'b2z1yy', 1553010694.0, 'What do you call a Mexican who has lost his car?', 'Carlos', 11, '', 0, False, 2, 'ihasanali', 0, 0, 0
'b2z0xm', 1553010546.0, 'What do you call a guy wearing a 100 year old wig?', 'Harold!', 1, '', 0, False, 0, '_Kirisuto_', 0, 0, 0
'b2yxc6', 1553010050.0, "What did sonic say to the roadrunner.You're to slow!", '', 0, '', 0, False, 0, 'NarutoReddit123', 0, 0, 0
'b2yt2l', 1553009449.0, "My mom asked how I'm doing.I said comme ci comme √ßa.She said.What does that mean?", '', 0, '', 0, False, 2, 'NarutoReddit123', 0, 0, 0
'b2ymuo', 1553008578.0, 'I noticed the other day that you now have to pay to fill your tires with air at a gas station.', 'I blame inflation.', 27, '', 0, False, 0, 'AgonistX', 0, 0, 0
'b2yir9', 1553008014.0, 'I used to work in a shoe recycling shop. It was sole destroying.', '', 41, '', 0, False, 1, 'Doodle_98', 0, 0, 0
